Cell Line,4
3127,1.590181735
2935,1.396571922
2936,1.867498322
2937,1.993544725
2938,1.576718835
3126,2.564102564
2934,2.012090035
3138,1.941792359
