Cell Line,3
2934,1.460207123
3126,1.955996057
2936,1.853345282
2937,1.50987056
3138,2.564102564
2935,1.758377371
3127,1.830443194
2938,2.365988048
