Cell Line,1
2934,1.69140014
2935,1.532002475
2936,1.710698241
2937,1.773798041
2938,1.679827385
3126,2.564102564
3127,1.411226736
3138,1.60330113
